{"cameraMode":{"drawMode":0,"name":"Shaded","section":"Shading Mode"},"sceneLighting":true,"audioPlay":false,"sceneViewState":{"m_AlwaysRefresh":false,"showFog":true,"showSkybox":true,"showFlares":true,"showImageEffects":true,"showParticleSystems":true,"showVisualEffectGraphs":true,"m_FxEnabled":true},"in2DMode":false,"pivot":{"x":0.022944945842027665,"y":0.7679299712181091,"z":5.496452331542969},"rotation":{"x":0.04980282112956047,"y":-0.9464569687843323,"z":0.1781000941991806,"w":0.2646864056587219},"size":7.886338710784912,"orthographic":true}