{"cameraMode":{"drawMode":0,"name":"Shaded","section":"Shading Mode"},"sceneLighting":true,"audioPlay":false,"sceneViewState":{"m_AlwaysRefresh":false,"showFog":true,"showSkybox":true,"showFlares":true,"showImageEffects":true,"showParticleSystems":true,"showVisualEffectGraphs":true,"m_FxEnabled":true},"in2DMode":false,"pivot":{"x":-0.10053396224975586,"y":0.44463658332824709,"z":0.2979302406311035},"rotation":{"x":0.04222444072365761,"y":-0.9542481899261475,"z":0.24722105264663697,"w":0.16301079094409944},"size":7.7653279304504398,"orthographic":true}